{
  "baseline_bias": {
    "n_sims": 80,
    "n_valid_bias": 80,
    "bias_mean": 2.1423616822297205,
    "bias_std": 0.25726303768472064,
    "bias_median": 2.080594637118933,
    "bias_16th": 2.0207582871011387,
    "bias_84th": 2.119014290621304,
    "bias_factors": [
      2.0819962336709192,
      1.9942935090282659,
      2.0819962336709192,
      1.9942935090282659,
      2.978727448552983,
      2.07984873827358,
      2.0884254704884646,
      2.0819962336709192,
      2.0884254704884646,
      2.836157370373064,
      2.2708945959280937,
      2.0819962336709192,
      2.07984873827358,
      2.8849764723145075,
      1.987559803222837,
      2.0819962336709192,
      1.987559803222837,
      2.1825925816013023,
      1.8931335694022997,
      1.987559803222837,
      2.0434333982329353,
      2.9496036651879862,
      2.119014290621304,
      2.119014290621304,
      2.042033306668606,
      2.119014290621304,
      2.0476279289518025,
      2.0434333982329353,
      3.0290137110436794,
      2.123059501348691,
      2.1176641698785543,
      2.119014290621304,
      3.0257071474578034,
      2.0434333982329353,
      1.9678563456487521,
      2.123059501348691,
      2.0476279289518025,
      2.0434333982329353,
      2.0434333982329353,
      2.119014290621304,
      2.07984873827358,
      2.083664977699707,
      2.080803454292772,
      2.083664977699707,
      2.017807555489953,
      2.0207582871011387,
      2.0207582871011387,
      2.0207582871011387,
      2.080803454292772,
      2.017807555489953,
      2.07984873827358,
      2.0207582871011387,
      2.080803454292772,
      2.0819962336709192,
      2.080385819945095,
      2.2734013971672677,
      2.0375202298689548,
      2.0819962336709192,
      2.0819962336709192,
      2.08467749200494,
      2.0884254704884646,
      2.025666621480586,
      2.083664977699707,
      2.962879219568246,
      2.083664977699707,
      2.0884254704884646,
      2.017807555489953,
      2.0331290173724486,
      2.0325794487673625,
      2.059758231769937,
      2.0413547921020974,
      2.0331290173724486,
      2.0103444102976424,
      2.0375202298689548,
      2.0347768325969127,
      2.0325794487673625,
      2.0819962336709192,
      2.0331290173724486,
      2.0884254704884646,
      2.07984873827358
    ]
  },
  "core_number_dependence": {
    "n_sims": 100,
    "n_valid_bias": 100,
    "bias_mean": 2.94500733998496,
    "bias_std": 0.8504545948488799,
    "bias_median": 2.977965238891717,
    "bias_16th": 1.9428059121016257,
    "bias_84th": 3.971745618337576,
    "bias_factors": [
      1.3744100492702254,
      1.9437135392152827,
      1.8931335694022997,
      1.938040869754927,
      1.4722073280946022,
      1.6099339884884243,
      2.0819962336709192,
      1.9942935090282659,
      2.978727448552983,
      2.07984873827358,
      2.0884254704884646,
      2.0819962336709192,
      2.8849764723145075,
      2.0819962336709192,
      1.8931335694022997,
      2.7928506187910522,
      2.931458159046765,
      2.936795192810021,
      3.6036439703744736,
      3.031137430651708,
      3.031137430651708,
      2.9345046238210934,
      2.977965238891717,
      3.6882164153982266,
      3.132638205732697,
      3.6918495304627483,
      3.687004581484983,
      3.597438276135929,
      3.973432612391625,
      3.971745618337576,
      3.971745618337576,
      3.876081739509854,
      3.977928085737235,
      4.065158897534725,
      2.0819962336709192,
      1.9853101592611446,
      1.3744100492702254,
      1.7128208595801302,
      2.7562495321427134,
      1.845926353735132,
      1.7987468958556305,
      1.8494605295064686,
      1.8435022907424914,
      2.836157370373064,
      1.844745359158337,
      1.848217461090623,
      1.844683285319287,
      1.844683285319287,
      2.0819962336709192,
      1.9942935090282659,
      2.0884254704884646,
      2.836157370373064,
      2.2708945959280937,
      2.0819962336709192,
      2.07984873827358,
      1.987559803222837,
      1.987559803222837,
      2.1825925816013023,
      1.987559803222837,
      3.4033888444476763,
      2.978727448552983,
      2.931458159046765,
      3.073958257337044,
      2.9405880947006366,
      2.977965238891717,
      2.8842142626532414,
      3.781543160497418,
      2.931458159046765,
      2.9322219545779564,
      2.8849764723145075,
      3.031137430651708,
      3.687004581484983,
      3.923927398060711,
      3.6918495304627483,
      3.6882164153982266,
      3.6882164153982266,
      3.7827247081470907,
      3.877234477599133,
      3.1254974665495605,
      3.781543160497418,
      3.6918495304627483,
      3.038499932220879,
      3.877234477599133,
      3.0267113332349296,
      3.6918495304627483,
      3.6882164153982266,
      4.066258034744897,
      4.025145115111311,
      4.067905849969361,
      4.065708466139811,
      3.977928085737235,
      3.980736565028796,
      3.933590319342469,
      4.065158897534725,
      4.067905849969361,
      3.8789625574895474,
      4.02233663581975,
      3.980736565028796,
      4.02233663581975,
      4.018452257936151
    ]
  },
  "noise_robustness": {
    "n_sims": 60,
    "n_valid_bias": 60,
    "bias_mean": 2.2110429542948595,
    "bias_std": 0.31788007826088194,
    "bias_median": 2.0819962336709192,
    "bias_16th": 1.987559803222837,
    "bias_84th": 2.4255387528185794,
    "bias_factors": [
      1.987559803222837,
      2.07984873827358,
      2.0884254704884646,
      2.0819962336709192,
      1.8931335694022997,
      1.987559803222837,
      2.0819962336709192,
      2.8842142626532414,
      2.0819962336709192,
      1.9942935090282659,
      1.987559803222837,
      2.0884254704884646,
      2.07984873827358,
      2.2708945959280937,
      2.8377325759209837,
      2.474311399431768,
      1.9853101592611446,
      2.0819962336709192,
      3.0252345283979345,
      2.363464475310886,
      2.268925896298451,
      2.268925896298451,
      2.2708945959280937,
      2.0884254704884646,
      1.987559803222837,
      1.987559803222837,
      1.9853101592611446,
      1.9942935090282659,
      1.9853101592611446,
      1.9942935090282659,
      2.176441533443057,
      2.0884254704884646,
      2.9914436213439983,
      2.889620916951245,
      2.2767904810457398,
      2.0819962336709192,
      2.0884254704884646,
      1.9853101592611446,
      2.977965238891717,
      2.0819962336709192,
      2.07984873827358,
      2.0819962336709192,
      1.9942935090282659,
      1.987559803222837,
      2.0819962336709192,
      1.9942935090282659,
      2.0819962336709192,
      1.9942935090282659,
      2.978727448552983,
      2.07984873827358,
      2.0884254704884646,
      2.836157370373064,
      2.2708945959280937,
      2.0819962336709192,
      2.07984873827358,
      2.8849764723145075,
      1.987559803222837,
      2.0819962336709192,
      1.987559803222837,
      2.1825925816013023
    ]
  },
  "background_robustness": {
    "n_sims": 39,
    "n_valid_bias": 39,
    "bias_mean": 2.1684591527412125,
    "bias_std": 0.26323880917748166,
    "bias_median": 2.0819962336709192,
    "bias_16th": 1.9880984996872713,
    "bias_84th": 2.2620192311226788,