{
  "sim_id": "oblique_t60_f1.5_b1.0_M1.0_s2",
  "phase": 3,
  "f": 1.5,
  "beta": 1.0,
  "mach": 1.0,
  "seed": 2,
  "eos": "isothermal",
  "bfield": "oblique",
  "theta": 60.0,
  "status": "FRAG",
  "t_frag": 0.48770320139578505,
  "dt_min": 1.0080394168433131e-14,
  "rho_c_max": 2.70894e-13,
  "wall_seconds": 241.14797163009644,
  "hdf5_outputs": 10,
  "longitudinal_peaks": null,
  "lambda_frag": null
}