{
  "analysis": "filament_fragmentation_final",
  "physics": {
    "G_code": 0.20976621499511808,
    "rho_center": 10.0,
    "R_fil": 1.0,
    "W_fil": 2.0,
    "scale_height_H": 0.19477234678290495,
    "jeans_length": 1.2237907475512355,
    "line_mass": 62.83185307179586,
    "critical_line_mass": 9.534423834870388,
    "supercriticality_f": 6.590000000000001,
    "IM92_near_critical_lambda_W": 4.0,
    "IM92_supercritical_lambda_W": "0.78-0.97"
  },
  "simulations": {
    "filament_b0_5_s42": {
      "beta": 0.5,
      "seed": 42,
      "step": 4,
      "time": 1.200021,
      "max_rho": 1008.0379028320312,
      "n_cores": 10,
      "peak_positions": [
        -8.7890625,
        -6.9921875,
        -5.1953125,
        -3.2421875,
        -1.2109375,
        0.8984375,
        2.8515625,
        7.0703125,
        7.7734375,
        9.4921875
      ],
      "all_spacings": [
        1.796875,
        1.796875,
        1.953125,
        2.03125,
        2.109375,
        1.953125,
        4.21875,
        0.703125,
        1.71875
      ],
      "robust_spacings": [
        1.796875,
        1.796875,
        1.953125,
        2.03125,
        2.109375,
        1.953125,
        1.71875
      ],
      "lambda_W_robust": 0.9542410714285714,
      "lambda_W_robust_std": 0.06555435337316255,
      "lambda_W_all": 1.015625,
      "lambda_W_median": 0.9765625,
      "lambda_W_fft": 1.0
    },
    "filament_b0_5_s137": {
      "beta": 0.5,
      "seed": 137,
      "step": 4,
      "time": 1.200014,
      "max_rho": 1001.7615356445312,
      "n_cores": 10,
      "peak_positions": [
        -9.1015625,
        -7.3046875,
        -5.4296875,
        -3.5546875,
        -1.5234375,
        0.5859375,
        2.5390625,
        6.7578125,
        7.4609375,
        9.1796875
      ],
      "all_spacings": [
        1.796875,
        1.875,
        1.875,
        2.03125,
        2.109375,
        1.953125,
        4.21875,
        0.703125,
        1.71875
      ],
      "robust_spacings": [
        1.796875,
        1.875,
        1.875,
        2.03125,
        2.109375,
        1.953125,
        1.71875
      ],
      "lambda_W_robust": 0.9542410714285714,
      "lambda_W_robust_std": 0.06214022726372792,
      "lambda_W_all": 1.015625,
      "lambda_W_median": 0.9375,
      "lambda_W_fft": 1.0
    },
    "filament_b1_0_s42": {
      "beta": 1.0,
      "seed": 42,
      "step": 4,
      "time": 1.200053,
      "max_rho": 1025.22900390625,
      "n_cores": 10,
      "peak_positions": [
        -8.7890625,
        -6.9921875,
        -5.1953125,
        -3.2421875,
        -1.2109375,
        0.8203125,
        2.6953125,
        7.2265625,
        7.8515625,
        9.5703125
      ],
      "all_spacings": [
        1.796875,
        1.796875,
        1.953125,
        2.03125,
        2.03125,
        1.875,
        4.53125,
        0.625,
        1.71875
      ],
      "robust_spacings": [
        1.796875,
        1.796875,
        1.953125,
        2.03125,
        2.03125,
        1.875,
        1.71875
      ],
      "lambda_W_robust": 0.9430803571428571,
      "lambda_W_robust_std": 0.0569086999284909,
      "lambda_W_all": 1.0199652777777777,
      "lambda_W_median": 0.9375,
      "lambda_W_fft": 1.0
    },
    "filament_b1_0_s137": {
      "beta": 1.0,
      "seed": 137,
      "step": 4,
      "time": 1.200297,
      "max_rho": 1019.951904296875,
      "n_cores": 10,
      "peak_positions": [
        -9.0234375,
        -7.3046875,
        -5.4296875,
        -3.5546875,
        -1.5234375,
        0.5078125,
        2.3828125,
        6.9140625,
        7.5390625,
        9.2578125
      ],
      "all_spacings": [
        1.71875,
        1.875,
        1.875,
        2.03125,
        2.03125,
        1.875,
        4.53125,
        0.625,
        1.71875
      ],
      "robust_spacings": [
        1.71875,
        1.875,
        1.875,
        2.03125,
        2.03125,
        1.875,
        1.71875
      ],
      "lambda_W_robust": 0.9375,
      "lambda_W_robust_std": 0.05905694890769175,
      "lambda_W_all": 1.015625,
      "lambda_W_median": 0.9375,
      "lambda_W_fft": 1.0
    },
    "filament_b2_0_s42": {
      "beta": 2.0,
      "seed": 42,
      "step": 4,
      "time": 1.200043,
      "max_rho": 1007.324462890625,
      "n_cores": 10,
      "peak_positions": [
        -8.6328125,
        -6.9140625,
        -5.1171875,
        -3.2421875,
        -1.2890625,
        0.7421875,
        2.6171875,
        7.2265625,
        8.0078125,
        9.5703125
      ],
      "all_spacings": [
        1.71875,
        1.796875,
        1.875,
        1.953125,
        2.03125,
        1.875,
        4.609375,
        0.78125,
        1.5625
      ],
      "robust_spacings": [
        1.71875,
        1.796875,
        1.875,
        1.953125,
        2.03125,
        1.875,
        1.5625
      ],
      "lambda_W_robust": 0.9151785714285714,
      "lambda_W_robust_std": 0.07189787235895717,
      "lambda_W_all": 1.0112847222222223,
      "lambda_W_median": 0.9375,
      "lambda_W_fft": 1.0
    },
    "filament_b2_0_s137": {
      "beta": 2.0,
      "seed": 137,
      "step": 4,
      "time": 1.200602,
      "max_rho": 1043.6448974609375,
      "n_cores": 10,
      "peak_positions": [
        -8.9453125,
        -7.2265625,
        -5.4296875,
        -3.5546875,
        -1.6015625,
        0.4296875,
        2.3046875,
        6.9140625,
        7.6953125,
        9.3359375
      ],
      "all_spacings": [
        1.71875,
        1.796875,
        1.875,
        1.953125,
        2.03125,
        1.875,
        4.609375,
        0.78125,
        1.640625
      ],
      "robust_spacings": [
        1.71875,
        1.796875,
        1.875,
        1.953125,
        2.03125,
        1.875,
        1.640625
      ],
      "lambda_W_robust": 0.9207589285714286,
      "lambda_W_robust_std": 0.06214022726372792,
      "lambda_W_all": 1.015625,
      "lambda_W_median": 0.9375,
      "lambda_W_fft": 1.0
    }
  },
  "beta_aggregates": {
    "0.5": {
      "lambda_W_robust": 0.9542410714285714,
      "lambda_W_robust_std": 0.0,
      "lambda_W_fft": 1.0
    },
    "1.0": {
      "lambda_W_robust": 0.9402901785714286,
      "lambda_W_robust_std": 0.0027901785714285476,
      "lambda_W_fft": 1.0
    },
    "2.0": {
      "lambda_W_robust": 0.91796875,
      "lambda_W_robust_std": 0.002790178571428603,
      "lambda_W_fft": 1.0
    }
  },
  "key_findings": {
    "spacing_is_beta_independent": true,
    "lambda_W_overall": 0.9375,
    "lambda_W_overall_std": 0.014938968009867002,
    "consistent_with_supercritical_jeans": true,
    "reason": "Filament is highly supercritical (f=6.6), so 3D Jeans fragmentation dominates over cylinder mode and magnetic effects"
  },
  "references": {
    "observed_W3W4W5": 2.1,
    "IM92_near_critical": 4.0
  }
}