{
  "simulation_grid": {
    "description": "2x2 parameter grid: (Mach, beta)",
    "resolution": "128^3",
    "physics": "isothermal MHD + FFT driving",
    "code": "Athena++ v24.0",
    "units": {
      "c_s": 1,
      "rho_0": 1,
      "L_box": 1
    }
  },
  "saturated_values": {
    "M1_b1": {
      "KE_total": 0.7040949407407409,
      "KE_total_std": 0.037880472747782605,
      "ME_total": 1.0512883408641975,
      "ME_total_std": 0.0028301343939271446,
      "ME_KE_ratio": 1.497281116524908,
      "ME_KE_ratio_std": 0.07770699280303926,
      "Mach": 1.1862400560256028,
      "Mach_std": 0.03200642063486031,
      "v_A": 1.4500251277121692,
      "v_A_std": 0.0019521095519693368,
      "c_eff": 1.7614125296266214,
      "c_eff_std": 0.001606923377784839,
      "KE_x": 0.03746815061728395,
      "KE_x_std": 0.006574932412817405,
      "KE_y": 0.500891987654321,
      "KE_y_std": 0.029745689050245945,
      "KE_z": 0.1657348024691358,
      "KE_z_std": 0.004310796195312969,
      "ME_x": 0.00955861864197531,
      "ME_x_std": 0.00047844153766406325,
      "ME_y": 0.021610462962962963,
      "ME_y_std": 0.0019745355174671762,
      "ME_z": 1.0201192592592592,
      "ME_z_std": 0.00268629524947512,
      "ME_perp": 0.031169081604938267,
      "ME_perp_std": 0.001663640287696845,
      "ME_par": 1.0201192592592592,
      "ME_par_std": 0.00268629524947512,
      "ME_aniso": 32.82320134698141,
      "ME_aniso_std": 1.7795888726597822,
      "KE_aniso": 0.30871900925797546,
      "KE_aniso_std": 0.014495805100367848,
      "Mach_A": 0.8180563951213421,
      "Mach_A_std": 0.021063271181954304,
      "runtime_min": 232,
      "beta": 1.0,
      "Mach_target": 1.0
    },
    "M3_b1": {
      "KE_total": 1.8880600123456788,
      "KE_total_std": 0.02002787061682525,
      "ME_total": 1.55875650617284,
      "ME_total_std": 0.025686291684415555,
      "ME_KE_ratio": 0.8258073812679281,
      "ME_KE_ratio_std": 0.02165916355275638,
      "Mach": 1.9431969539901879,
      "Mach_std": 0.01027729023693626,
      "v_A": 1.7655879181841452,
      "v_A_std": 0.014571050334633491,
      "c_eff": 2.0291260162489193,
      "c_eff_std": 0.012673694310247568,
      "KE_x": 0.44858988888888895,
      "KE_x_std": 0.058445434771710957,
      "KE_y": 0.6146283950617285,
      "KE_y_std": 0.03395816936626773,
      "KE_z": 0.8248417283950618,
      "KE_z_std": 0.052113088853967766,
      "ME_x": 0.18068606172839508,
      "ME_x_std": 0.00587340810341628,
      "ME_y": 0.2251601975308642,
      "ME_y_std": 0.007310358974178486,
      "ME_z": 1.1529102469135801,
      "ME_z_std": 0.014769557026324388,
      "ME_perp": 0.40584625925925927,
      "ME_perp_std": 0.01180955886923263,
      "ME_par": 1.1529102469135801,
      "ME_par_std": 0.014769557026324388,
      "ME_aniso": 2.842239185603637,
      "ME_aniso_std": 0.05386669348641693,
      "KE_aniso": 0.7795291536450978,
      "KE_aniso_std": 0.08102910288554262,
      "Mach_A": 1.1007137981479458,
      "Mach_A_std": 0.014638441755147474,
      "runtime_min": 681,
      "beta": 1.0,
      "Mach_target": 3.0
    },
    "M1_b01": {
      "KE_total": 0.7566540370370369,
      "KE_total_std": 0.043028198611081515,
      "ME_total": 10.016381772839507,
      "ME_total_std": 0.002257800989233855,
      "ME_KE_ratio": 13.280526960351526,
      "ME_KE_ratio_std": 0.753767401138552,
      "Mach": 1.2296694109388757,
      "Mach_std": 0.03494587064750944,
      "v_A": 4.475797503375756,
      "v_A_std": 0.0005044346916643344,
      "c_eff": 4.586149071205832,
      "c_eff_std": 0.0004922975767682484,
      "KE_x": 0.49017708641975316,
      "KE_x_std": 0.059949683291865695,
      "KE_y": 0.11880182716049381,
      "KE_y_std": 0.009892442411205404,
      "KE_z": 0.14767512345679012,
      "KE_z_std": 0.008343058172143519,
      "ME_x": 0.0040149898765432105,
      "ME_x_std": 0.0005966946960589837,
      "ME_y": 0.003595178024691358,
      "ME_y_std": 0.0008906695687652595,
      "ME_z": 10.008771604938271,
      "ME_z_std": 0.0017697202518624053,
      "ME_perp": 0.007610167901234569,
      "ME_perp_std": 0.0011720635288165974,
      "ME_par": 10.008771604938271,
      "ME_par_std": 0.0017697202518624053,
      "ME_aniso": 1345.1439044007684,
      "ME_aniso_std": 196.25385579711735,
      "KE_aniso": 0.2452443289897918,
      "KE_aniso_std": 0.033142465737666306,
      "Mach_A": 0.27473763450802935,
      "Mach_A_std": 0.00781259579898204,
      "runtime_min": 445,
      "beta": 0.1,
      "Mach_target": 1.0
    },
    "M3_b01": {
      "KE_total": 4.303712592592592,
      "KE_total_std": 0.2225846172190202,
      "ME_total": 10.24652054074074,
      "ME_total_std": 0.04900589654691687,
      "ME_KE_ratio": 2.3868277127883424,
      "ME_KE_ratio_std": 0.11589695827859525,
      "Mach": 2.932851362733095,
      "Mach_std": 0.07621069019377244,
      "v_A": 4.526911089875737,
      "v_A_std": 0.010819696925224564,
      "c_eff": 4.636046748780211,
      "c_eff_std": 0.010565254654917717,
      "KE_x": 2.567074444444444,
      "KE_x_std": 0.15093572653023501,
      "KE_y": 0.47520629629629635,
      "KE_y_std": 0.10381819577540517,
      "KE_z": 1.261431851851852,
      "KE_z_std": 0.024020185292976316,
      "ME_x": 0.06184858024691357,
      "ME_x_std": 0.011068492757142612,
      "ME_y": 0.037731219753086416,
      "ME_y_std": 0.010181632867666929,
      "ME_z": 10.14694074074074,
      "ME_z_std": 0.03158646286763272,
      "ME_perp": 0.09957980000000001,
      "ME_perp_std": 0.020088864740085043,
      "ME_par": 10.14694074074074,
      "ME_par_std": 0.03158646286763272,
      "ME_aniso": 106.47710718496468,
      "ME_aniso_std": 23.079270694148946,
      "KE_aniso": 0.4166859975528469,
      "KE_aniso_std": 0.030239046139647435,
      "Mach_A": 0.6478382352169829,
      "Mach_A_std": 0.015474356297167606,
      "runtime_min": 1203,
      "beta": 0.1,
      "Mach_target": 3.0
    }
  },
  "fragmentation_predictions": {
    "M1_b1": {
      "c_eff": 1.7614125296266214,
      "v_A": 1.4500251277121692,
      "v_A_perp": 0.2496761166188639,
      "v_A_par": 1.4283691814508315,
      "c_eff_perp": 1.0306979010407833,
      "c_eff_par": 1.7436279759508673,
      "lambda_W_IM92": 4.0,
      "lambda_W_simple": 7.045650118506486,
      "lambda_W_perp": 4.122791604163133,
      "lambda_W_par": 6.974511903803469,
      "lambda_W_tension": 2.2940673441641968,
      "lambda_W_combined": 2.3644903964762416
    },
    "M3_b1": {
      "c_eff": 2.0291260162489193,
      "v_A": 1.7655879181841452,
      "v_A_perp": 0.9009397973885483,
      "v_A_par": 1.5184928362778536,
      "c_eff_perp": 1.3459912772817357,
      "c_eff_par": 1.818191544867361,
      "lambda_W_IM92": 4.0,
      "lambda_W_simple": 8.116504064995677,
      "lambda_W_perp": 5.383965109126943,
      "lambda_W_par": 7.272766179469444,
      "lambda_W_tension": 2.199988230773455,
      "lambda_W_combined": 2.9611649687435486
    },
    "M1_b01": {
      "c_eff": 4.586149071205832,
      "v_A": 4.475797503375756,
      "v_A_perp": 0.12337072506258986,
      "v_A_par": 4.474096915565927,
      "c_eff_perp": 1.0075814288693838,
      "c_eff_par": 4.5844894164864805,
      "lambda_W_IM92": 4.0,
      "lambda_W_simple": 18.34459628482333,
      "lambda_W_perp": 4.030325715477535,
      "lambda_W_par": 18.337957665945922,
      "lambda_W_tension": 0.8725071947195313,
      "lambda_W_combined": 0.8791220459543231
    },
    "M3_b01": {
      "c_eff": 4.636046748780211,
      "v_A": 4.526911089875737,
      "v_A_perp": 0.4462730106112177,
      "v_A_par": 4.504873081617448,
      "c_eff_perp": 1.095061459462436,
      "c_eff_par": 4.614529388949808,
      "lambda_W_IM92": 4.0,
      "lambda_W_simple": 18.544186995120842,
      "lambda_W_perp": 4.380245837849744,
      "lambda_W_par": 18.45811755579923,
      "lambda_W_tension": 0.8668272889492498,
      "lambda_W_combined": 0.9492291561386321
    }
  },
  "observed": {
    "core_spacing_pc": 0.21,
    "core_spacing_uncertainty": 0.01,