{
  "M_vals": [
    0.5,
    1.0,
    1.5,
    2.0,
    2.5,
    3.0,
    4.0,
    5.0,
    7.0,
    10.0
  ],
  "B_vals": [
    0.1,
    0.2,
    0.5,
    0.7,
    1.0,
    1.5,
    2.0,
    3.0,
    5.0,
    10.0
  ],
  "C_grid": [
    [
      1.010512113571167,
      1.0096079111099243,
      1.0087463855743408,
      1.0079219341278076,
      1.0071690082550049,
      1.0065076351165771,
      1.0055276155471802,
      1.0050333738327026,
      1.0052881240844727,
      1.007372260093689
    ],
    [
      3.620298147201538,
      3.673696279525757,
      3.7056102752685547,
      3.713292360305786,
      3.6935172080993652,
      3.6498007774353027,
      3.5285112857818604,
      3.372234344482422,
      2.9724361896514893,
      2.2285566329956055
    ],
    [
      4.998287677764893,
      5.020988941192627,
      5.037343978881836,
      5.032057762145996,
      5.015336990356445,
      5.026281356811523,
      5.2626729011535645,
      5.566867828369141,
      5.800845146179199,
      1.4143686294555664
    ],
    [
      6.759025573730469,
      6.754648208618164,
      6.749643802642822,
      6.743027210235596,
      6.7046895027160645,
      6.590179443359375,
      6.2862396240234375,
      6.180239677429199,
      6.357994079589844,
      5.88571310043335
    ],
    [
      7.5685343742370605,
      7.534287929534912,
      7.54666805267334,
      7.546032905578613,
      7.537552356719971,
      7.516287326812744,
      7.653736114501953,
      8.292588233947754,
      6.286550045013428,
      6.238041400909424
    ],
    [
      9.796172142028809,
      9.792144775390625,
      9.75562572479248,
      9.784024238586426,
      9.6858491897583,
      9.37296199798584,
      9.222816467285156,
      8.664329528808594,
      12.36525821685791,
      12.48476505279541
    ],
    [
      11.433985710144043,
      11.390458106994629,
      11.383756637573242,
      11.308426856994629,
      11.17817211151123,
      11.12348461151123,
      10.510424613952637,
      10.447752952575684,
      13.109792709350586,
      8.980687141418457
    ],
    [
      12.801544189453125,
      12.699119567871094,
      12.89037799835205,
      13.130941390991211,
      13.445280075073242,
      13.83554744720459,
      12.515686988830566,
      13.07921028137207,
      9.193841934204102,
      6.959886074066162
    ],
    [
      16.7748966217041,
      16.78107261657715,
      16.596094131469727,
      16.40964126586914,
      16.701892852783203,
      16.637603759765625,
      16.54734992980957,
      15.552236557006836,
      9.62480354309082,
      9.490693092346191
    ],
    [
      22.335344314575195,
      22.23341178894043,
      21.942760467529297,
      21.658403396606445,
      21.87993621826172,
      22.52288818359375,
      21.860502243041992,
      20.486827850341797,
      13.171568870544434,
      11.2644681930542
    ]
  ],
  "lam_grid": [
    [
      2.0,
      2.0,
      2.0,
      2.0,
      2.0,
      2.0,
      2.0,
      1.3333333333333333,
      1.3333333333333333,
      2.0
    ],
    [
      4.0,
      4.0,
      4.0,
      4.0,
      4.0,
      4.0,
      4.0,
      4.0,
      4.0,
      4.0
    ],
    [
      4.0,
      4.0,
      4.0,
      4.0,
      4.0,
      4.0,
      4.0,
      4.0,
      4.0,
      4.0
    ],
    [
      4.0,
      4.0,
      4.0,
      4.0,
      4.0,
      4.0,
      4.0,
      4.0,
      4.0,
      4.0
    ],
    [
      4.0,
      4.0,
      4.0,
      4.0,
      4.0,
      4.0,
      4.0,
      4.0,
      4.0,
      4.0
    ],
    [
      4.0,
      4.0,
      4.0,
      4.0,
      4.0,
      4.0,
      4.0,
      4.0,
      4.0,
      4.0
    ],
    [
      4.0,
      4.0,
      4.0,
      4.0,
      4.0,
      4.0,
      4.0,
      4.0,
      4.0,
      4.0
    ],
    [
      4.0,
      4.0,
      4.0,
      4.0,
      4.0,
      4.0,
      4.0,
      4.0,
      2.0,
      2.0
    ],
    [
      4.0,
      4.0,
      4.0,
      4.0,
      4.0,
      4.0,
      4.0,
      4.0,
      2.0,
      2.0
    ],
    [
      4.0,
      4.0,
      4.0,
      4.0,
      4.0,
      4.0,
      4.0,
      2.0,
      2.0,
      2.0
    ]
  ],
  "gr_grid": [
    [
      -0.03827994204934924,
      -0.03412822466234827,
      -0.03002197115267521,
      -0.028304834847286655,
      -0.033962451850333905,
      -0.04081789423296663,
      -0.05445271028362703,
      -0.06149627001412166,
      -0.06496901157671692,
      0.10910684750632561
    ],
    [
      2.969701293682044,
      2.9725639293765758,
      2.9772557070588936,
      2.98408229303124,
      2.9892066750157396,
      2.986630060425388,
      2.9241743736736416,
      2.8228755347835053,
      2.6933157121050733,
      2.1887922626774605
    ],
    [
      3.944991129665588,
      3.977611326855106,
      4.02454296137848,
      4.091144310353543,
      4.165961005953255,
      4.231654019560902,
      3.871674491903685,
      3.8313480782781792,
      3.0241278923649295,
      1.494181883399961
    ],
    [
      4.431337398015361,
      4.435741885771129,
      4.455078348309914,
      4.487502378043576,
      4.525365831349961,
      4.519668286426859,
      3.82271905873075,
      3.159086429800316,
      2.749767781779151,
      1.9227535701625356
    ],
    [
      4.917533407763931,
      4.789102286401409,
      4.641409013773888,
      4.462769358365365,
      4.247522949354218,
      4.003117116393713,
      4.266681919724896,
      3.6634250372659745,
      3.4714795681756936,
      3.8103260939127304
    ],
    [
      5.142612434627136,
      4.894727658714071,
      4.6033876064041355,
      4.269906739432289,
      3.924941257302232,
      3.5560411176123092,
      2.9992364692371005,
      3.573101941041149,
      3.7300751144498845,
      4.010398551339645
    ],
    [
      3.920244645481341,
      4.129666314858583,
      3.7036105659781784,
      4.2241585978917895,
      3.82954458610153,
      3.470323369875496,
      2.811528066632755,
      2.5715218783325193,
      2.8750103468053925,
      3.301360318152561
    ],
    [
      3.4161193053244476,
      3.740848211875335,
      3.680010905784426,
      3.099953688262667,
      2.9426316946647866,
      2.870704425789129,
      2.8166127951458204,
      2.8243039582339966,
      3.0575212159674185,
      3.5578154612381327
    ],
    [
      3.6634284100657686,
      3.9322333677321937,
      3.683848366295838,
      3.533269204881109,
      3.491627740761886,
      3.4849994817183534,
      3.4971133734173936,
      3.543341243191358,
      4.138759784022152,
      5.146357232122109
    ],
    [
      3.4577344328687687,
      4.002577503830272,
      3.579894154303339,
      3.4837661479993787,
      3.4645765298790736,
      3.457242651456431,
      3.50075005877645,
      3.558920431589248,
      3.878696724878313,
      4.632635724991705
    ]
  ]
}