{
  "generated": "2026-04-19 10:44 UTC",
  "n_sims_total": 12,
  "campaigns": {
    "C1C2_beta_sweep": {
      "n_sims": 7,
      "fixed_mach": 3.0,
      "beta_values": [
        0.22,
        0.32,
        0.5,
        0.7,
        1.0,
        1.5,
        2.0
      ],
      "lambda_frag": [
        2.0,
        2.0,
        2.0,
        2.0,
        2.0,
        2.0,
        2.0
      ],
      "C_final": [
        1.0142377614974976,
        1.036108374595642,
        1.0073670148849487,
        1.5963727235794067,
        2.873649835586548,
        3.7153656482696533,
        4.339712619781494
      ],
      "n_peaks": [
        7,
        7,
        7,
        7,
        7,
        8,
        8
      ],
      "stable": [
        true,
        true,
        true,
        false,
        false,
        false,
        false
      ],
      "gamma_theory": [
        0.0,
        0.0,
        0.0,
        1.187410578322627,
        3.1415927165582627,
        4.055778724748778,
        4.442882982683798
      ]
    },
    "C3_mach_sweep": {
      "n_sims": 5,
      "fixed_beta": 0.85,
      "mach_values": [
        1.0,
        2.0,
        3.0,
        4.0,
        5.0
      ],
      "lambda_frag": [
        2.0,
        2.0,
        2.0,
        2.0,
        2.0
      ],
      "C_final": [
        2.4917614459991455,
        2.6126866340637207,
        2.7343878746032715,
        2.2205023765563965,
        2.673539161682129
      ],
      "n_peaks": [
        7,
        7,
        7,
        8,
        8
      ]
    }
  },
  "key_results": {
    "lambda_frag_universal": 2.0,
    "beta_crit_seeded_mode": 0.6666666577584506,
    "seed_wavelength": 2.0,
    "W3_prediction_arcsec": 21155.4,
    "W3_prediction_pc": 0.2,
    "W3_range_arcsec": [
      16924.3,
      25386.5
    ]
  }
}